{
	"IcoMoonType": "selection",
	"icons": [
		{
			"icon": {
				"paths": [
					"M426.667 384h170.667v-128h128l-213.333-213.333-213.333 213.333h128v128zM384 426.667h-128v-128l-213.333 213.333 213.333 213.333v-128h128v-170.667zM981.333 512l-213.333-213.333v128h-128v170.667h128v128l213.333-213.333zM597.333 640h-170.667v128h-128l213.333 213.333 213.333-213.333h-128v-128z"
				],
				"attrs": [],
				"isMulticolor": false,
				"tags": [
					"open-with"
				],
				"grid": 24
			},
			"attrs": [],
			"properties": {
				"id": 73,
				"order": 5,
				"prevSize": 24,
				"code": 58880,
				"name": "open-with"
			},
			"setIdx": 0,
			"setId": 11,
			"iconIdx": 0
		},
		{
			"icon": {
				"paths": [
					"M341.333 213.333v597.333l469.333-298.667z"
				],
				"attrs": [],
				"isMulticolor": false,
				"tags": [
					"play-arrow"
				],
				"grid": 24
			},
			"attrs": [],
			"properties": {
				"id": 187,
				"order": 1,
				"prevSize": 24,
				"code": 58881,
				"name": "play-arrow"
			},
			"setIdx": 0,
			"setId": 11,
			"iconIdx": 1
		},
		{
			"icon": {
				"paths": [
					"M256 256h512v512h-512z"
				],
				"attrs": [],
				"isMulticolor": false,
				"tags": [
					"stop"
				],
				"grid": 24
			},
			"attrs": [],
			"properties": {
				"id": 203,
				"order": 2,
				"prevSize": 24,
				"code": 58882,
				"name": "stop"
			},
			"setIdx": 0,
			"setId": 11,
			"iconIdx": 2
		},
		{
			"icon": {
				"paths": [
					"M512 341.333c-94.293 0-170.667 76.373-170.667 170.667s76.373 170.667 170.667 170.667 170.667-76.373 170.667-170.667-76.373-170.667-170.667-170.667zM893.44 469.333c-19.627-177.92-160.853-319.147-338.773-338.773v-87.893h-85.333v87.893c-177.92 19.627-319.147 160.853-338.773 338.773h-87.893v85.333h87.893c19.627 177.92 160.853 319.147 338.773 338.773v87.893h85.333v-87.893c177.92-19.627 319.147-160.853 338.773-338.773h87.893v-85.333h-87.893zM512 810.667c-164.907 0-298.667-133.76-298.667-298.667s133.76-298.667 298.667-298.667 298.667 133.76 298.667 298.667-133.76 298.667-298.667 298.667z"
				],
				"attrs": [],
				"isMulticolor": false,
				"tags": [
					"gps-fixed"
				],
				"grid": 24
			},
			"attrs": [],
			"properties": {
				"id": 322,
				"order": 9,
				"prevSize": 24,
				"code": 58884,
				"name": "gps-fixed"
			},
			"setIdx": 0,
			"setId": 11,
			"iconIdx": 3
		},
		{
			"icon": {
				"paths": [
					"M426.667 256l-60.373 60.373 195.627 195.627-195.627 195.627 60.373 60.373 256-256z"
				],
				"attrs": [],
				"isMulticolor": false,
				"tags": [
					"navigate-next"
				],
				"grid": 24
			},
			"attrs": [],
			"properties": {
				"id": 580,
				"order": 3,
				"prevSize": 24,
				"code": 58887,
				"name": "navigate-next"
			},
			"setIdx": 0,
			"setId": 11,
			"iconIdx": 4
		},
		{
			"icon": {
				"paths": [
					"M960 0h-896c-35.328 0-64 28.672-64 64v640c0 35.328 28.672 64 64 64h256l-128 256h32l230.4-256h115.2l230.4 256h32l-128-256h256c35.328 0 64-28.672 64-64v-640c0-35.328-28.672-64-64-64zM960 672c0 17.696-14.304 32-32 32h-832c-17.696 0-32-14.304-32-32v-576c0-17.696 14.304-32 32-32h832c17.696 0 32 14.304 32 32v576zM668.096 500.192l-144.672-372.128-158.016 297.28-88.192-90.72-149.216 92.992 42.112 24.256 95.616-59.584 115.36 118.784 133.6-251.296 147.712 380.128 125.984-265.216 51.328 109.248 56.288-9.44-107.328-228.224-120.576 253.92z"
				],
				"attrs": [
					{}
				],
				"isMulticolor": false,
				"tags": [
					"stats",
					"monitor",
					"board"
				],
				"grid": 16
			},
			"attrs": [
				{}
			],
			"properties": {
				"order": 1,
				"id": 0,
				"prevSize": 32,
				"code": 58883,
				"name": "stats2"
			},
			"setIdx": 1,
			"setId": 10,
			"iconIdx": 0
		},
		{
			"icon": {
				"paths": [
					"M448 304c0-26.4 21.6-48 48-48h32c26.4 0 48 21.6 48 48v32c0 26.4-21.6 48-48 48h-32c-26.4 0-48-21.6-48-48v-32z",
					"M640 768h-256v-64h64v-192h-64v-64h192v256h64z",
					"M512 0c-282.77 0-512 229.23-512 512s229.23 512 512 512 512-229.23 512-512-229.23-512-512-512zM512 928c-229.75 0-416-186.25-416-416s186.25-416 416-416 416 186.25 416 416-186.25 416-416 416z"
				],
				"attrs": [],
				"isMulticolor": false,
				"tags": [
					"info",
					"information"
				],
				"defaultCode": 60768,
				"grid": 16
			},
			"attrs": [],
			"properties": {
				"id": 965,
				"order": 8,
				"prevSize": 32,
				"code": 59916,
				"ligatures": "info, information",
				"name": "info"
			},
			"setIdx": 1,
			"setId": 10,
			"iconIdx": 1
		},
		{
			"icon": {
				"paths": [
					"M864 128l-480 480-224-224-160 160 384 384 640-640z"
				],
				"attrs": [],
				"isMulticolor": false,
				"tags": [
					"checkmark",
					"tick",
					"correct",
					"accept",
					"ok"
				],
				"defaultCode": 58224,
				"grid": 16
			},
			"attrs": [],
			"properties": {
				"id": 980,
				"order": 10,
				"prevSize": 32,
				"code": 59920,
				"ligatures": "checkmark, tick",
				"name": "checkmark"
			},
			"setIdx": 1,
			"setId": 10,
			"iconIdx": 2
		},
		{
			"icon": {
				"paths": [
					"M1024 576v-64h-193.29c-5.862-72.686-31.786-139.026-71.67-192.25h161.944l70.060-280.24-62.090-15.522-57.94 231.76h-174.68c-0.892-0.694-1.796-1.374-2.698-2.056 6.71-19.502 10.362-40.422 10.362-62.194 0.002-105.76-85.958-191.498-191.998-191.498s-192 85.738-192 191.5c0 21.772 3.65 42.692 10.362 62.194-0.9 0.684-1.804 1.362-2.698 2.056h-174.68l-57.94-231.76-62.090 15.522 70.060 280.24h161.944c-39.884 53.222-65.806 119.562-71.668 192.248h-193.29v64h193.37c3.802 45.664 15.508 88.812 33.638 127.75h-123.992l-70.060 280.238 62.090 15.524 57.94-231.762h112.354c58.692 78.032 147.396 127.75 246.66 127.75s187.966-49.718 246.662-127.75h112.354l57.94 231.762 62.090-15.524-70.060-280.238h-123.992c18.13-38.938 29.836-82.086 33.636-127.75h193.37z"
				],
				"attrs": [],
				"isMulticolor": false,
				"tags": [
					"bug",
					"virus",
					"error"
				],
				"defaultCode": 57842,
				"grid": 16
			},
			"attrs": [],
			"properties": {
				"id": 588,
				"order": 14,
				"prevSize": 32,
				"code": 59801,
				"ligatures": "bug, virus",
				"name": "bug"
			},
			"setIdx": 4,
			"setId": 7,
			"iconIdx": 153
		},
		{
			"icon": {
				"paths": [
					"M1024 397.050l-353.78-51.408-158.22-320.582-158.216 320.582-353.784 51.408 256 249.538-60.432 352.352 316.432-166.358 316.432 166.358-60.434-352.352 256.002-249.538zM512 753.498l-223.462 117.48 42.676-248.83-180.786-176.222 249.84-36.304 111.732-226.396 111.736 226.396 249.836 36.304-180.788 176.222 42.678 248.83-223.462-117.48z"
				],
				"attrs": [],
				"isMulticolor": false,
				"tags": [
					"star-empty",
					"rate",
					"star",
					"favorite",
					"bookmark"
				],
				"defaultCode": 58111,
				"grid": 16
			},
			"attrs": [],
			"properties": {
				"id": 863,
				"order": 13,
				"prevSize": 32,
				"code": 59863,
				"ligatures": "star-empty, rate",
				"name": "star-empty"
			},
			"setIdx": 4,
			"setId": 7,
			"iconIdx": 215
		},
		{
			"icon": {
				"paths": [
					"M832 736l96 96 320-320-320-320-96 96 224 224z",
					"M448 288l-96-96-320 320 320 320 96-96-224-224z",
					"M701.298 150.519l69.468 18.944-191.987 704.026-69.468-18.944 191.987-704.026z"
				],
				"width": 1280,
				"attrs": [],
				"isMulticolor": false,
				"tags": [
					"embed",
					"code",
					"html",
					"xml"
				],
				"defaultCode": 58496,
				"grid": 16
			},
			"attrs": [],
			"properties": {
				"id": 1272,
				"order": 15,
				"prevSize": 32,
				"code": 60032,
				"ligatures": "embed2, code2",
				"name": "embed2"
			},
			"setIdx": 4,
			"setId": 7,
			"iconIdx": 382
		}
	],
	"height": 1024,
	"metadata": {
		"name": "icomoon"
	},
	"preferences": {
		"showGlyphs": true,
		"showQuickUse": true,
		"showQuickUse2": true,
		"showSVGs": true,
		"fontPref": {
			"prefix": "icon-",
			"metadata": {
				"fontFamily": "icomoon"
			},
			"metrics": {
				"emSize": 1024,
				"baseline": 6.25,
				"whitespace": 50
			},
			"embed": false
		},
		"imagePref": {
			"prefix": "icon-",
			"png": true,
			"useClassSelector": true,
			"color": 4473924,
			"bgColor": 16777215
		},
		"historySize": 100,
		"showCodes": true,
		"gridSize": 16
	}
}